Country,median.hh.income
Luxembourg,52493.00
Norway,51489.00
Switzerland,51180.00
Sweden,50514.00
Australia,46555.00
Denmark,44360.00
United States,43585.00
Canada,41280.00
SouthKorea,40861.00
Kuwait,40854.00
Netherlands,38584.00
New Zealand,35562.00
Hong Kong,35443.00
Austria,34911.00
Japan,34822.00
Finland,34615.00
Germany,33333.00
Taiwan,32762.00
Singapore,32360.00
United Kingdom,31617.00
France,31112.00
Israel,30364.00
Belgium,26703.00
Qatar,26555.00
Slovenia,25969.00
Ireland,25085.00
Saudi Arabia,24980.00
Bahrain,24633.00
Czech Republic,22913.00
Spain,21959.00
Italy,20085.00
Greece,17777.00
Portugal,16186.00
Poland,15338.00
Brazil,7522.00
China,6180.00
